_id,name,village,district,pricePerNight,propertyType,category,maxGuests,ownerContact,lat,lng
"osm-342116234","Clouds End","Dehradun","Dehradun","4000","Boutique Hotel","Nature Eco","6","","30.467355","78.0077257"
"osm-443422262","GMVN Guest House, Khirsu","Rudraprayag","Rudraprayag","2000","Homestay","Char Dham","4","","30.1713933","78.8649517"
"osm-506152924","Hotel Paradise Continental","Dehradun","Dehradun","3900","Boutique Hotel","Nature Eco","6","","30.4549857","78.084301"
"osm-567473845","Aarti Hotel","Haridwar","Haridwar","3600","Boutique Hotel","Nature Eco","2","","29.9482297","78.1580687"
"osm-761911864","Maletha Riverside Resort","Rudraprayag","Rudraprayag","3900","Boutique Hotel","Char Dham","6","","30.2248269","78.7321828"
"osm-1021961337","Hotel Ellbee Ganga View","Haridwar","Haridwar","3800","Boutique Hotel","Nature Eco","4","","30.1022277","78.29231"
"osm-1044504379","Pacific Hotel","Dehradun","Dehradun","3300","Boutique Hotel","Nature Eco","6","","30.3271845","78.0482559"
"osm-1171045390","Song River Dharma Ashram","Shyampur Rishikesh","Haridwar","3600","Boutique Hotel","Nature Eco","2","+91 963 906 0712","30.0459353","78.23634"
"osm-1185819789","Hotel Surya","Haridwar","Haridwar","3500","Boutique Hotel","Nature Eco","6","","30.1252424","78.3306774"
"osm-1239486672","Sterling Holidays","Mussoorie","Dehradun","3500","Boutique Hotel","Nature Eco","4","+91 0135 2631713;+91 0135 2631715","30.452388","78.0563398"
"osm-1332264552","Green Leaf","Nainital","Nainital","3800","Boutique Hotel","Nature Eco","4","","29.3759295","79.4621646"
"osm-1347457962","KMVN Ramgarh","Nainital","Nainital","3500","Boutique Hotel","Nature Eco","4","","29.4224356","79.5532856"
"osm-1347466390","KMVN Mukteshwar","Almora","Almora","3900","Boutique Hotel","Nature Eco","2","","29.4764321","79.6446336"
"osm-1347475838","KMVN Almora","Almora","Almora","3700","Boutique Hotel","Nature Eco","5","","29.5908242","79.647871"
"osm-1347480256","Forest Department GH","Bageshwar","Bageshwar","2200","Homestay","Wildlife","3","","29.6987555","79.7541406"
"osm-1347480275","KMVN Binsar","Bageshwar","Bageshwar","3700","Boutique Hotel","Nature Eco","2","","29.6955118","79.7637537"
"osm-1347489320","GMVN Gwaldam","Bageshwar","Bageshwar","3700","Boutique Hotel","Nature Eco","2","","30.0031994","79.5685349"
"osm-1413093393","Rishikesh Valley","Haridwar","Haridwar","3200","Boutique Hotel","Nature Eco","5","","30.0917838","78.3836746"
"osm-1446998389","Welcomhotel by ITC Savoy Hotel","Dehradun","Dehradun","3900","Boutique Hotel","Nature Eco","6","","30.4601512","78.0624404"
"osm-1676753958","Sharda Hotel","Nainital","Nainital","3500","Boutique Hotel","Nature Eco","5","","29.2146156","79.5283741"
"osm-1803577554","Armadale","Nainital","Nainital","3200","Boutique Hotel","Nature Eco","6","","29.3952024","79.4435036"
"osm-1805682831","Ayan Jungle Camp","Nainital","Nainital","3800","Boutique Hotel","Wildlife","3","","29.3869978","79.4479774"
"osm-2377319204","Laxmi Lodge","Haridwar","Haridwar","2000","Homestay","Nature Eco","6","","30.1131227","78.306908"
"osm-2412743384","song river","Haridwar","Haridwar","3400","Boutique Hotel","Nature Eco","6","","30.0417234","78.24159"
"osm-2617724153","GMVN","Tehri Garhwal","Tehri Garhwal","3400","Boutique Hotel","Nature Eco","5","","30.4236322","78.2477001"
"osm-2619676632","GMVN-Bharat Bhoomi","Haridwar","Haridwar","3500","Boutique Hotel","Nature Eco","4","+91-135-2433002","30.1136412","78.2825949"
"osm-2657566341","Bhandari Swiss Cottage","Haridwar","Haridwar","3200","Boutique Hotel","Nature Eco","3","+91135 243 2939","30.127467","78.3184711"
"osm-2657566342","Om Blessed Cottage","Haridwar","Haridwar","3300","Boutique Hotel","Nature Eco","4","","30.1309674","78.324667"
"osm-2657763353","La Casa","Haridwar","Haridwar","3400","Boutique Hotel","Nature Eco","5","","29.9501136","78.1601587"
"osm-2658110176","Padmini Nivas","Dehradun","Dehradun","3300","Boutique Hotel","Nature Eco","3","","30.4588288","78.0681904"
"osm-2802900843","RESORT / GUEST HOUSE BINSAR","Almora","Almora","1800","Homestay","Nature Eco","5","","29.6788372","79.7197416"
"osm-2916293701","Uttrayan Hotel chakrata","Dehradun","Dehradun","3600","Boutique Hotel","Nature Eco","3","","30.688214","77.873408"
"osm-3068361888","Central Academy Guest House","Dehradun","Dehradun","2400","Homestay","Nature Eco","5","","30.3395192","78.0008738"
"osm-3068361903","New Hostel","Dehradun","Dehradun","1200","Backpacker Hostel","Adventure","5","","30.3440115","77.994218"
"osm-3068361907","Shisham Hostel","Dehradun","Dehradun","1600","Backpacker Hostel","Adventure","4","","30.3375702","78.0017873"
"osm-3188830465","Hotel Arjun","Haridwar","Haridwar","3300","Boutique Hotel","Nature Eco","2","","29.9461529","78.1580817"
"osm-3474642238","The Real Place","Almora","Almora","2500","Homestay","Nature Eco","5","+919470736132","29.6464119","79.6647415"
"osm-3811570228","Forest Rest House","Uttarkashi","Uttarkashi","1900","Homestay","Wildlife","5","","31.1505971","78.4292893"
"osm-3812555001","Yoga Villa","Haridwar","Haridwar","3500","Boutique Hotel","Nature Eco","3","01352440144","30.1200241","78.3192261"
"osm-3812555002","Negi Bhawan","Haridwar","Haridwar","2200","Homestay","Nature Eco","4","8126375433","30.1204867","78.3195937"
"osm-3812555003","Swasti Yogshala","Haridwar","Haridwar","2300","Homestay","Nature Eco","5","","30.1205528","78.3205379"
"osm-3812555177","Narayana Kunj","Haridwar","Haridwar","4000","Boutique Hotel","Nature Eco","4","+919758881169","30.1199481","78.3182708"
"osm-3815682835","Pink","Haridwar","Haridwar","2200","Homestay","Nature Eco","2","9756538724","30.1172076","78.3134465"
"osm-3815682836","Himalaya","Haridwar","Haridwar","2300","Homestay","Nature Eco","3","9012052669","30.1168635","78.3134134"
"osm-3815682837","Green View","Haridwar","Haridwar","3800","Boutique Hotel","Nature Eco","4","","30.117549","78.3132748"
"osm-3815682838","Ganga","Haridwar","Haridwar","2500","Homestay","Nature Eco","5","+917579153663","30.1174239","78.3136966"
"osm-3815685511","Brijwasi Palace","Haridwar","Haridwar","3900","Boutique Hotel","Nature Eco","3","","30.1172258","78.3127686"
"osm-3815685512","Nirvana Palace","Haridwar","Haridwar","4000","Boutique Hotel","Nature Eco","4","+911352440300","30.1169469","78.3133079"
"osm-3815686781","Green","Haridwar","Haridwar","4000","Boutique Hotel","Nature Eco","3","7434948","30.117654","78.3128951"
"osm-3815686782","Baba Ji","Haridwar","Haridwar","1800","Homestay","Nature Eco","4","9917139737","30.1174695","78.3135746"
"osm-3815692269","Vashishth","Haridwar","Haridwar","2400","Homestay","Nature Eco","6","00911352440029","30.1172884","78.3130203"
"osm-3815692270","Rama","Haridwar","Haridwar","2500","Homestay","Nature Eco","2","01352434417","30.1171737","78.313555"
"osm-3815692272","Yog Vashishth","Haridwar","Haridwar","3200","Boutique Hotel","Nature Eco","4","+91352440030","30.1170238","78.3128921"
"osm-3817282577","Guru Ganga","Haridwar","Haridwar","2300","Homestay","Nature Eco","4","","30.1215898","78.3286004"
"osm-3817282578","Pyramid","Haridwar","Haridwar","2400","Homestay","Nature Eco","5","","30.1219442","78.3285071"
"osm-3822420121","Akshi Yogashala","Haridwar","Haridwar","2500","Homestay","Nature Eco","3","","30.1189437","78.3181689"
"osm-3822420123","Ananda","Haridwar","Haridwar","1800","Homestay","Nature Eco","5","09758164982","30.1201061","78.3176679"
"osm-3822425465","Krishna Cottage","Haridwar","Haridwar","2300","Homestay","Nature Eco","2","01352440193","30.1198049","78.3176472"
"osm-3822425470","Sudesh","Haridwar","Haridwar","1900","Homestay","Nature Eco","2","01353240140","30.1201381","78.3176116"
"osm-3822427034","Sarika Home","Haridwar","Haridwar","2600","Homestay","Nature Eco","6","00911352440156","30.1193887","78.3183408"
"osm-3822427036","Gayatri Kunj","Haridwar","Haridwar","1900","Homestay","Nature Eco","3","01352440840","30.1199754","78.3178991"
"osm-3822427038","Hari Palace","Haridwar","Haridwar","2100","Homestay","Nature Eco","5","","30.1201779","78.317462"
"osm-3822431075","Rishikesh Yog Peeth","Haridwar","Haridwar","4000","Boutique Hotel","Nature Eco","2","","30.1194132","78.3185477"
"osm-3822628390","Last Chance","Haridwar","Haridwar","2500","Homestay","Nature Eco","2","","30.1140226","78.3108641"
"osm-3822628407","Moksha","Haridwar","Haridwar","3800","Boutique Hotel","Nature Eco","4","01352440040","30.1194216","78.3173948"
"osm-3846344061","Hotel Sherina","Udham Singh Nagar","Udham Singh Nagar","3500","Boutique Hotel","Nature Eco","3","+915947272999","29.1856133","79.0036454"
"osm-4030163467","Padmini Palace","Dehradun","Dehradun","3900","Boutique Hotel","Nature Eco","4","","30.1847663","78.1682265"
"osm-4063497856","Rokeby Manor","Dehradun","Dehradun","3900","Boutique Hotel","Nature Eco","3","","30.4601837","78.0964649"
"osm-4100508994","Hotel Orange Classic","Rishikesh","Haridwar","3600","Boutique Hotel","Nature Eco","6","","30.1246416","78.3309934"
"osm-4102939590","Raga on the Ganges Resort","Tehri Garhwal","Tehri Garhwal","3800","Boutique Hotel","Nature Eco","2","","30.0624771","78.4869687"
"osm-4110125604","Hotel Swagat Palace","Haridwar","Haridwar","3800","Boutique Hotel","Nature Eco","6","+91 1334 221 581","29.9460968","78.1584395"
"osm-4147180411","Old Guest house","Dehradun","Dehradun","2200","Homestay","Nature Eco","3","","30.2834606","77.975838"
"osm-4147180412","New Guest House","Dehradun","Dehradun","2300","Homestay","Nature Eco","4","","30.2853795","77.9745521"
"osm-4147180413","Old Hostel","Dehradun","Dehradun","1500","Backpacker Hostel","Adventure","5","","30.2838324","77.9752462"
"osm-4152488109","Hotel Harbola","Nainital","Nainital","3800","Boutique Hotel","Nature Eco","6","","29.1972585","79.5121113"
"osm-4153573789","Diber DRDO","Udham Singh Nagar","Udham Singh Nagar","2500","Homestay","Nature Eco","6","","29.1682312","79.5202234"
"osm-4165485989","Bunkotel","Dehradun","Dehradun","1400","Backpacker Hostel","Adventure","6","","30.45712","78.0759936"
"osm-4165999093","Bunkotel","Dehradun","Dehradun","1000","Backpacker Hostel","Adventure","5","","30.4572747","78.07541"
"osm-4168560291","PlaceForSleep (warm&simple&cheap100rp) family house ask people","Dehradun","Dehradun","2400","Homestay","Nature Eco","3","","30.8140434","77.8393622"
"osm-4203708608","Four Points by Sheraton Dehradun Hotel","Dehradun","Dehradun","3400","Boutique Hotel","Nature Eco","5","","30.3654948","78.0700421"
"osm-4211862090","Prospect Point Lodge","Dehradun","Dehradun","2400","Homestay","Nature Eco","2","","30.4558635","78.1038766"
"osm-4211923370","Pine Tree Lodge","Dehradun","Dehradun","2300","Homestay","Nature Eco","2","9760245445","30.4565337","78.1025138"
"osm-4211970483","The Cliffe","Dehradun","Dehradun","3500","Boutique Hotel","Nature Eco","5","","30.4585091","78.0918902"
"osm-4212033322","Tulip Inn","Dehradun","Dehradun","3600","Boutique Hotel","Nature Eco","4","","30.4586967","78.0728436"
"osm-4212040743","Club Mahindra","Dehradun","Dehradun","3200","Boutique Hotel","Nature Eco","5","","30.4601407","78.0725575"
"osm-4226929892","Vedas Tapovan","Haridwar","Haridwar","4000","Boutique Hotel","Nature Eco","4","","30.1304473","78.3260418"
"osm-4241730489","Soho","Dehradun","Dehradun","3800","Boutique Hotel","Nature Eco","6","","30.3236389","78.0551147"
"osm-4264135789","Maa Ganga Guesthouse","Haridwar","Haridwar","1300","Backpacker Hostel","Adventure","6","","30.1243587","78.3304812"
"osm-4264650994","Hotel Amber","Udham Singh Nagar","Udham Singh Nagar","3600","Boutique Hotel","Nature Eco","6","","28.9788787","79.3964412"
"osm-4264667589","Hotel Rudra Continental & Restaurant bar","Udham Singh Nagar","Udham Singh Nagar","3500","Boutique Hotel","Nature Eco","6","","28.9772077","79.3925696"
"osm-4266645670","Ganesha Inn","Haridwar","Haridwar","3300","Boutique Hotel","Nature Eco","2","","30.1274042","78.3229371"
"osm-4269258093","Hotel Akash Ganga","Haridwar","Haridwar","3500","Boutique Hotel","Nature Eco","5","","30.1038628","78.296369"
"osm-4269649289","shiv shanti guesthouse","Haridwar","Haridwar","1400","Backpacker Hostel","Adventure","6","","30.1244055","78.3305441"
"osm-4269649389","Snow Crest Hotel","Chamoli","Chamoli","3800","Boutique Hotel","Char Dham","6","","30.5561902","79.5562823"
"osm-4367973004","Zostel","Rishikesh","Haridwar","1600","Backpacker Hostel","Adventure","6","","30.1316494","78.324895"
"osm-4411229695","ANNA Café","Haridwar","Haridwar","2500","Homestay","Nature Eco","2","+919793856886","30.1227275","78.3287457"
"osm-4421831590","GMVN Hotel Devlok","Chamoli","Chamoli","3300","Boutique Hotel","Char Dham","2","","30.7438484","79.4934267"
"osm-4421831591","Janki Guest House","Chamoli","Chamoli","2000","Homestay","Char Dham","3","","30.7375377","79.4938996"
"osm-4457764090","Hotel Vishwa Chandra Palace","Haridwar","Haridwar","3300","Boutique Hotel","Nature Eco","2","01352435087","30.1297025","78.3229509"
"osm-4465992090","Jungal Guest House","Almora","Almora","2100","Homestay","Nature Eco","2","+919410158598","29.6523146","79.6656922"
"osm-4492901389","Hotel Om","Haridwar","Haridwar","3600","Boutique Hotel","Nature Eco","6","","30.1237522","78.3296846"
"osm-4520573391","Hotel Devaaya Palace","Haridwar","Haridwar","3500","Boutique Hotel","Nature Eco","3","","30.1264449","78.3277994"
"osm-4529420789","Mahakali","Champawat","Champawat","3700","Boutique Hotel","Nature Eco","6","","28.9937011","80.0710961"
"osm-4535332590","East Railway Guest House","Almora","Almora","2100","Homestay","Nature Eco","2","","29.6444215","79.4408023"
"osm-4646819790","Rhodendron forest - Mud hut @ Chopta","Chamoli","Chamoli","1800","Homestay","Wildlife","2","7895031411","30.4782252","79.2105621"
"osm-4646860089","Peaches and Pears B&B","Chamoli","Chamoli","2400","Homestay","Char Dham","6","9917012636","30.4161073","79.3423964"
"osm-4662746089","Swiss cottage. 1961","Haridwar","Haridwar","2500","Homestay","Nature Eco","6","9412992856","30.1098769","78.3044908"
"osm-4720033589","Tatsa","Haridwar","Haridwar","3700","Boutique Hotel","Nature Eco","6","","30.1317941","78.3236115"
"osm-4750023421","Hotel Prashant","Nainital","Nainital","3300","Boutique Hotel","Nature Eco","3","","29.3815111","79.4646998"
"osm-4762330607","Ganga Guest House","Almora","Almora","2000","Homestay","Nature Eco","4","","29.644063","79.6630198"
"osm-4762367441","Pappu Cottage","Almora","Almora","2600","Homestay","Nature Eco","3","","29.651886","79.668637"
"osm-4766205093","Bohra Ji Hotel & Restaurant","Champawat","Champawat","3800","Boutique Hotel","Nature Eco","5","","28.9927738","80.0705885"
"osm-4766208188","KMVN Guest House","Champawat","Champawat","2300","Homestay","Nature Eco","5","","29.4041986","80.0862567"
"osm-4770119746","Bansal's Guest House","Almora","Almora","1900","Homestay","Nature Eco","3","","29.5988016","79.6598263"
"osm-4770923986","Hotel Govind Palace","Uttarkashi","Uttarkashi","1900","Homestay","Char Dham","3","","30.7297963","78.437446"
"osm-4771056231","Guest house","Uttarkashi","Uttarkashi","1800","Homestay","Char Dham","3","","30.9028942","78.6801684"
"osm-4771101731","Guest house","Uttarkashi","Uttarkashi","2300","Homestay","Char Dham","3","","30.9935749","78.9404052"
"osm-4771345381","GMVN Guest house","Chamoli","Chamoli","1600","Backpacker Hostel","Char Dham","3","","30.9508469","79.0518554"
"osm-4781094025","bisht house","Haridwar","Haridwar","2200","Homestay","Nature Eco","2","","30.1221768","78.3262962"
"osm-4793451323","Rautela hotel","Champawat","Champawat","3700","Boutique Hotel","Nature Eco","5","","28.9921645","80.0700669"
"osm-4793476023","Hotel Sitar International","Udham Singh Nagar","Udham Singh Nagar","3200","Boutique Hotel","Nature Eco","5","","28.9351937","79.7051449"
"osm-4800962824","Sandhu Hotel and Restaurant","Pauri Garhwal","Pauri Garhwal","3900","Boutique Hotel","Nature Eco","6","","29.2600111","78.859491"
"osm-4800977430","Hotel Corbett Kingdom","Nainital","Nainital","3800","Boutique Hotel","Wildlife","2","","29.3906436","79.1282279"
"osm-4830776631","Anand Prakash Yoga","Haridwar","Haridwar","1800","Homestay","Nature Eco","3","","30.129946","78.3253178"
"osm-4850182121","Nature Care Village","Haridwar","Haridwar","2300","Homestay","Nature Eco","3","","30.0793641","78.1708268"
"osm-4850182321","Yoga guesthouse","Haridwar","Haridwar","2500","Homestay","Nature Eco","3","","30.1267328","78.3318092"
"osm-4853077721","Avdhoot Ashram","Haridwar","Haridwar","1700","Backpacker Hostel","Adventure","3","","30.1078358","78.2943034"
"osm-4879748750","Flower home stay","Almora","Almora","2300","Homestay","Nature Eco","2","","29.6461303","79.6650963"
"osm-4922436521","Hotel Park View Premium","Dehradun","Dehradun","3400","Boutique Hotel","Nature Eco","3","","30.3275168","78.0447796"
"osm-4951872021","Mango Tree Guesthouse","Haridwar","Haridwar","1200","Backpacker Hostel","Adventure","3","","30.1259493","78.3310138"
"osm-4952735222","Hotel deepsika","Dehradun","Dehradun","1400","Backpacker Hostel","Adventure","4","","30.3323047","78.0490516"
"osm-4975096722","Hotel City Center","Haridwar","Haridwar","3800","Boutique Hotel","Nature Eco","4","","29.9465408","78.155293"
"osm-4978659802","Kali Kamli Dharamshala","Uttarkashi","Uttarkashi","2200","Homestay","Char Dham","4","","30.7291933","78.4364496"
"osm-4984042424","Sai ganga cottage","Haridwar","Haridwar","3700","Boutique Hotel","Nature Eco","6","","30.1317535","78.3245528"
"osm-4984042425","Rainbow Holiday Home","Haridwar","Haridwar","3800","Boutique Hotel","Nature Eco","2","","30.1316071","78.3252917"
"osm-4984042427","Hill Top Camp","Tehri Garhwal","Tehri Garhwal","4000","Boutique Hotel","Camping","4","","30.1511784","78.4183034"
"osm-4984049421","Hotel Rishikesh","Haridwar","Haridwar","3200","Boutique Hotel","Nature Eco","3","","30.1317826","78.3245968"
"osm-5001731232","Hotel raj palace","Dehradun","Dehradun","3800","Boutique Hotel","Nature Eco","4","","30.4559348","78.0805002"
"osm-5001731233","Rose paying guest house","Dehradun","Dehradun","2500","Homestay","Nature Eco","5","","30.4560532","78.0803593"
"osm-5001731429","Kasmanda Palace","Dehradun","Dehradun","3700","Boutique Hotel","Nature Eco","6","01352632424","30.4601285","78.0690152"
"osm-5001733327","Hotel Mayur","Dehradun","Dehradun","3600","Boutique Hotel","Nature Eco","4","","30.4603399","78.0659847"
"osm-5001733328","Hotel Paramount","Dehradun","Dehradun","3700","Boutique Hotel","Nature Eco","5","","30.4602652","78.0658324"
"osm-5001748322","D-towerz","Dehradun","Dehradun","3700","Boutique Hotel","Nature Eco","4","","30.2946939","78.0550938"
"osm-5001748325","The three oaks boutique hotel","Dehradun","Dehradun","4000","Boutique Hotel","Nature Eco","2","","30.4593301","78.0708475"
"osm-5001751021","Paradise Mansion","Dehradun","Dehradun","3000","Mountain Chalet","Adventure","3","","30.4598542","78.0688759"
"osm-5031581922","My Home","Dehradun","Dehradun","1800","Homestay","Nature Eco","4","","30.3418278","77.928167"
"osm-5034020534","Gardenia","Haridwar","Sidcul","4000","Boutique Hotel","Nature Eco","6","","29.932623","78.0707331"
"osm-5060366023","Freedom","Almora","Almora","2200","Homestay","Nature Eco","5","","29.6507741","79.6646442"
"osm-5077010643","The Manor Kashipur Hotel","Kashipur","Udham Singh Nagar","3800","Boutique Hotel","Nature Eco","5","","29.1986411","78.9779001"
"osm-5167489064","Jim's Jungle Retreat","Nainital","Nainital","3700","Boutique Hotel","Wildlife","6","","29.406938","79.0083738"
"osm-5167489065","The Golden Tusk","Nainital","Nainital","3800","Boutique Hotel","Nature Eco","2","","29.4134877","79.0022456"
"osm-5167489066","Tusk & Roar","Nainital","Nainital","3900","Boutique Hotel","Nature Eco","3","","29.410422","79.0042137"
"osm-5244444821","Moustache Rishikesh","Haridwar","Haridwar","1100","Backpacker Hostel","Adventure","3","+91 96500 15650","30.1298242","78.3208958"
"osm-5300200528","The kumaon","Almora","Almora","3900","Boutique Hotel","Nature Eco","5","","29.6606634","79.6718756"
"osm-5326870723","Aasta Palace","Haridwar","Haridwar","3900","Boutique Hotel","Nature Eco","5","","29.9446967","78.1562403"
"osm-5417800173","Govind Bhawan","Haridwar","Haridwar","900","Backpacker Hostel","Adventure","5","","29.8620274","77.8944728"
"osm-5463821509","Hotel Himsagar","Almora","Almora","3900","Boutique Hotel","Nature Eco","6","","29.5969839","79.6564387"
"osm-5498038521","Veda5","Haridwar","Haridwar","3200","Boutique Hotel","Nature Eco","3","","30.1008826","78.3828027"
"osm-5515807607","Geeli Mitti","Nainital","Nainital","1700","Backpacker Hostel","Adventure","4","","29.4259085","79.391182"
"osm-5645503321","Johar hilltop","Pithoragarh","Pithoragarh","2500","Homestay","Nature Eco","3","","30.0685331","80.2362183"
"osm-5655418621","Maan Hotel","Haridwar","Haridwar","2500","Homestay","Nature Eco","3","8954793658","29.9454102","78.1577932"
"osm-5689549822","Laxmi","Almora","Almora","2200","Homestay","Nature Eco","4","","29.6535985","79.6690306"
"osm-5689617421","Mohan's","Almora","Almora","3600","Boutique Hotel","Nature Eco","3","","29.6497967","79.6643482"
"osm-5869300985","DIT boys Hostel","Dehradun","Dehradun","1700","Backpacker Hostel","Adventure","2","","30.3974729","78.0743407"
"osm-5869300986","Girls Hostel","Dehradun","Dehradun","900","Backpacker Hostel","Adventure","3","","30.4003182","78.0766244"
"osm-5869300987","IMS boys hostel","Dehradun","Dehradun","1000","Backpacker Hostel","Adventure","4","","30.3990575","78.0773248"
"osm-5933577653","Kaveri Hostel","Dehradun","Dehradun","1700","Backpacker Hostel","Adventure","5","","30.4691805","78.0541671"
"osm-5933577654","Narmada Hostel","Dehradun","Dehradun","900","Backpacker Hostel","Adventure","6","","30.4693192","78.0542744"
"osm-5933577655","Ganga Hostel","Dehradun","Dehradun","1000","Backpacker Hostel","Adventure","2","","30.4696151","78.0535931"
"osm-5933591158","Mahanadi Hostel","Dehradun","Dehradun","1300","Backpacker Hostel","Adventure","5","","30.4700945","78.0538221"
"osm-5938142186","Vasundhara Palace","Haridwar","Haridwar","3400","Boutique Hotel","Nature Eco","3","","30.1184363","78.3057877"
"osm-5977438765","Mohan Ram Guesthouse ","Almora","Almora","2500","Homestay","Nature Eco","2","+91 75006 01195","29.6555028","79.6960023"
"osm-5994398366","Hotel Akash Ganga","Uttarkashi","Uttarkashi","4000","Boutique Hotel","Char Dham","3","","30.7362598","78.4003677"
"osm-6009154285","laxman Jhula Regency Boutique Hotel","Haridwar","Haridwar","3600","Boutique Hotel","Nature Eco","2","","30.123016","78.3276382"
"osm-6044200285","Hashtag Hostel","Haridwar","Haridwar","1300","Backpacker Hostel","Adventure","2","+919911555659","30.1311042","78.3249234"
"osm-6051101118","Hotel Fatehpuri","Uttarkashi","Uttarkashi","3800","Boutique Hotel","Char Dham","5","","30.9451225","77.8498943"
"osm-6051102251","Hotel Vasundhara","Uttarkashi","Uttarkashi","3700","Boutique Hotel","Char Dham","3","","30.9452919","77.8498606"
"osm-6051104988","Apurva Hotel & Restaurant","Uttarkashi","Uttarkashi","3800","Boutique Hotel","Char Dham","5","","30.9453385","77.8496178"
"osm-6066342085","Hotel Royal","Dehradun","Dehradun","3600","Boutique Hotel","Nature Eco","2","","30.3163847","78.0336059"
"osm-6066360185","Hotel The Onix","Dehradun","Dehradun","3700","Boutique Hotel","Nature Eco","2","","30.2972652","78.0052973"
"osm-6089252394","Government hotel","Dehradun","Dehradun","3500","Boutique Hotel","Nature Eco","6","","30.4964054","77.7920048"
"osm-6089252395","Rishikesh Hostel","Haridwar","Haridwar","1300","Backpacker Hostel","Adventure","2","","30.1301056","78.3257753"
"osm-6115841388","Ajanta","Dehradun","Dehradun","3200","Boutique Hotel","Nature Eco","5","","30.3416253","78.0603692"
"osm-6121571816","Hotel Central Palace","Dehradun","Dehradun","3400","Boutique Hotel","Nature Eco","3","","30.3278663","78.0452688"
"osm-6121571817","Hotel Sunrise","Dehradun","Dehradun","3500","Boutique Hotel","Nature Eco","4","","30.3459101","78.0610941"
"osm-6123644585","Hotel Radiance","Dehradun","Dehradun","4000","Boutique Hotel","Nature Eco","2","","30.3694276","78.0743902"
"osm-6123644590","Lemontree Hotel","Dehradun","Dehradun","3600","Boutique Hotel","Nature Eco","2","","30.3662903","78.0708428"
"osm-6123647179","Sri Sharada Peetham Guest House","Dehradun","Dehradun","1000","Backpacker Hostel","Adventure","6","","30.3711774","78.0768768"
"osm-6147612906","Ramada Dehradun Chakrata Road","Dehradun","Dehradun","3800","Boutique Hotel","Nature Eco","3","","30.3330449","78.0225344"
"osm-6172371417","Shepherds Lodge Devangan","Joshimath","Chamoli","3500","Boutique Hotel","Char Dham","4","","30.4947817","79.7028786"
"osm-6177846885","Madhuban guest house","Haridwar","Haridwar","3800","Boutique Hotel","Nature Eco","2","","29.9456634","78.1580395"
"osm-6187386837","Kanasar Ecolodge","Chakrata Thesil","Dehradun","3500","Boutique Hotel","Nature Eco","4","+919458388555","30.7842482","77.8285037"
"osm-6257669585","Mild life","Haridwar","Haridwar","1400","Backpacker Hostel","Adventure","2","","30.1301862","78.32343"
"osm-6414477985","Nakshatra","Haridwar","Haridwar","1900","Homestay","Nature Eco","2","","30.1288927","78.3226756"
"osm-6479961791","ग्राम इसोटी","Pauri Garhwal","Pauri Garhwal","2300","Homestay","Nature Eco","3","+919868144540","30.0057528","78.8719277"
"osm-6520184160","Guest house","Bageshwar","Bageshwar","2400","Homestay","Nature Eco","2","","30.2024109","79.9978576"
"osm-6520213931","Gairuli Patal","Bageshwar","Bageshwar","2300","Homestay","Nature Eco","3","","30.204462","79.652239"
"osm-6520222124","Guesthouse","Uttarkashi","Uttarkashi","2600","Homestay","Char Dham","6","","30.7627456","78.6334494"
"osm-6520232704","Rest house","Bageshwar","Bageshwar","2200","Homestay","Nature Eco","6","","30.143012","79.9655429"
"osm-6520256949","Dhaba shelter","Bageshwar","Bageshwar","2100","Homestay","Nature Eco","6","","30.1998652","80.2620905"
"osm-6558338784","Shree Krishna Palace","Tehri Garhwal","Tehri Garhwal","3500","Boutique Hotel","Nature Eco","6","","30.331214","78.4050552"
"osm-6564481490","Sahara Homestay","Pithoragarh","Pithoragarh","2000","Homestay","Nature Eco","2","","30.0643962","80.2381575"
"osm-6564485485","Hotel Bala Paradise & Restaurant","Pithoragarh","Pithoragarh","3300","Boutique Hotel","Nature Eco","2","","30.0672428","80.2377405"
"osm-6564858785","Travel Dreams Hostel","Haridwar","Haridwar","1700","Backpacker Hostel","Adventure","2","","30.1227481","78.3290664"
"osm-6570126185","KMVN Tourist Rest House","Bageshwar","Bageshwar","3700","Boutique Hotel","Nature Eco","2","","29.8325838","79.7720813"
"osm-6570126285","Sayana Lodge","Chamoli","Chamoli","3800","Boutique Hotel","Char Dham","2","01372262201","30.4015642","79.3310158"
"osm-6594267515","University Guest House","Rudraprayag","Rudraprayag","2300","Homestay","Char Dham","2","","30.0590457","78.9946908"
"osm-6618239986","Hotel Pardesi","Haridwar","Haridwar","1300","Backpacker Hostel","Adventure","3","","29.9481352","78.1590051"
"osm-6657700385","Gungun homestay","Haridwar","Haridwar","3400","Boutique Hotel","Nature Eco","2","","30.129897","78.3197994"
"osm-6734772385","KK Hotel","Udham Singh Nagar","Udham Singh Nagar","3900","Boutique Hotel","Nature Eco","2","","28.9710623","79.3977748"
"osm-6738244422","Himpalace","Dehradun","Dehradun","3800","Boutique Hotel","Nature Eco","4","","30.3001095","78.0502948"
"osm-6780758686","Alka hotel","Nainital","Nainital","3900","Boutique Hotel","Nature Eco","3","","29.3859648","79.4624278"
"osm-6851508386","Hotel Madhusudan","Haridwar","Haridwar","3700","Boutique Hotel","Nature Eco","3","","30.1245119","78.3308861"
"osm-6854042185","Singh Hotel & Restaurant","Udham Singh Nagar","Udham Singh Nagar","3900","Boutique Hotel","Nature Eco","2","","29.2224264","78.9698863"
"osm-6964126489","Sachin","Haridwar","Haridwar","3300","Boutique Hotel","Nature Eco","6","","29.9460487","78.1544026"
"osm-6976386319","Riverview aroma","Nainital","Nainital","3600","Boutique Hotel","Nature Eco","6","","29.4012234","79.3013636"
"osm-6976391223","Sattal christian ashram","Nainital","Nainital","3500","Boutique Hotel","Nature Eco","5","","29.3604186","79.5314734"
"osm-7014000587","TAG Resorts Lavanya Bhimtal","Nainital","Nainital","3700","Boutique Hotel","Nature Eco","4","","29.3407197","79.5577428"
"osm-7028503913","Hipostel","Haridwar","Haridwar","1100","Backpacker Hostel","Adventure","5","","30.1336486","78.3201796"
"osm-7068626087","Ganesh Lok","Haridwar","Haridwar","3700","Boutique Hotel","Nature Eco","4","","30.1132887","78.3068"
"osm-7076763185","Ima Ganga","Haridwar","Haridwar","3700","Boutique Hotel","Nature Eco","2","","30.1305353","78.322697"
"osm-7131673086","Hotel Anamika","Tehri Garhwal","Tehri Garhwal","3800","Boutique Hotel","Nature Eco","3","","30.3729562","78.4312417"
"osm-7183914385","Vijay Laxmi Guesthouse","Chamoli","Chamoli","2200","Homestay","Char Dham","2","9557174977","30.5555782","79.5613445"
"osm-7213262481","Ashok Hotel","Nainital","Nainital","3200","Boutique Hotel","Nature Eco","3","","29.379435","79.464405"
"osm-7213272607","Live Free Hostel","Haridwar","Haridwar","1000","Backpacker Hostel","Adventure","4","+91 9639339600","30.1278535","78.325336"
"osm-7213286204","Vista Hostel","Nainital","Nainital","1700","Backpacker Hostel","Adventure","6","+91 7060666193","29.329002","79.4819767"
"osm-7217630585","Flying Penguin","Haridwar","Haridwar","1700","Backpacker Hostel","Adventure","2","","30.1317583","78.3246942"
"osm-7217966786","Kamal Guesthouse","Haridwar","Haridwar","2300","Homestay","Nature Eco","3","","30.1275098","78.3312976"
"osm-7227491286","Hiker's house","Haridwar","Haridwar","3500","Boutique Hotel","Nature Eco","3","","30.1302336","78.3233114"
"osm-7236095171","Hotel Grey Castle","Haridwar","Haridwar","3700","Boutique Hotel","Nature Eco","3","072528 30230","29.9455946","78.1568424"
"osm-7276074385","Orchid","Haridwar","Haridwar","1300","Backpacker Hostel","Adventure","2","","30.1313121","78.3238732"
"osm-7276444385","Devi music ashram","Haridwar","Haridwar","2300","Homestay","Nature Eco","2","","30.1293966","78.3232932"
"osm-7284131085","Treebo Trend Yogasthali Inn and Spa","Haridwar","Haridwar","3500","Boutique Hotel","Nature Eco","2","","30.1309482","78.3256969"
"osm-7321492786","HEAL Farm","Nainital","Nainital","3000","Mountain Chalet","Adventure","3","","29.3562025","79.5206498"
"osm-7623611070","Prashant's Homestay Nainital","Nainital","Nainital","2400","Homestay","Nature Eco","2","+919105120922","29.3841798","79.4665525"
"osm-7852357764","Vanabaran Vaban","Dehradun","Dehradun","1800","Homestay","Nature Eco","6","","30.343079","78.0132041"
"osm-7887543651","Anand Kashi by the Ganges","Rishikesh","Tehri Garhwal","3200","Boutique Hotel","Nature Eco","3","+91 99976 48992","30.1087885","78.4394324"
"osm-7894473463","Tree Of Life Grand Oak Manor","Binsar","Almora","1900","Homestay","Nature Eco","5","","29.6955948","79.7473254"
"osm-7965630746","Eco Harrymans","Nainital","Nainital","4000","Boutique Hotel","Nature Eco","3","","29.3503988","79.2284851"
"osm-8137037204","Hotel Rahi","Udham Singh Nagar","Udham Singh Nagar","4000","Boutique Hotel","Nature Eco","6","","29.1570564","79.147316"
"osm-8156864878","Dev Palace","Haridwar","Haridwar","3900","Boutique Hotel","Nature Eco","5","","30.1301097","78.3237514"
"osm-8187606550","Hotel Silver Palace","Nainital","Nainital","3300","Boutique Hotel","Nature Eco","2","","29.2121513","79.5279522"
"osm-8189626122","Hotel Suryas","Nainital","Nainital","3200","Boutique Hotel","Nature Eco","4","","29.2152051","79.5324871"
"osm-8189626123","Hotel Parkland","Nainital","Nainital","3300","Boutique Hotel","Nature Eco","5","","29.215377","79.5323492"
"osm-8189626124","Jagdish Hotel","Nainital","Nainital","3400","Boutique Hotel","Nature Eco","6","","29.2154295","79.5322683"
"osm-8190137583","Hotel Mayur","Almora","Almora","3200","Boutique Hotel","Nature Eco","5","","29.6433806","79.4348612"
"osm-8273030269","Khergal Home Stay","Haridwar","Haridwar","2200","Homestay","Nature Eco","6","","30.1059457","78.3426563"
"osm-8304836204","Home stay wan","Chamoli","Chamoli","2000","Homestay","Char Dham","6","","30.2004015","79.6307957"
"osm-8318659490","Darbar Organic Hotel","Chamba","Tehri Garhwal","4000","Boutique Hotel","Nature Eco","2","9910364826","30.3300737","78.4014779"
"osm-8324620302","Himni guest house","Bageshwar","Bageshwar","2100","Homestay","Nature Eco","4","76183 04908","30.1428841","79.7135961"
"osm-8324636115","Guest house","Pithoragarh","Pithoragarh","2100","Homestay","Nature Eco","2","7302160635","30.0941894","80.2426107"
"osm-8357528315","Medicinal herbs","Bageshwar","Bageshwar","2000","Homestay","Nature Eco","2","","30.1177516","79.7046087"
"osm-8625068640","A Hillock Resort Durgesh Guest  House","Ranikhet","Almora","3200","Boutique Hotel","Nature Eco","2","","29.5757881","79.4788586"
"osm-8837616129","Vikas Hotel","Dehradun","Dehradun","3800","Boutique Hotel","Nature Eco","6","","30.456271","78.0779751"
"osm-8880884477","Mandali forest rest house","Uttarkashi","Uttarkashi","2600","Homestay","Wildlife","4","","30.8276009","77.9502886"
"osm-9120557129","Anjali Home Stay","Rishikesh","Haridwar","3700","Boutique Hotel","Nature Eco","6","","30.1299222","78.3193486"
"osm-9156767418","Oak Leaves Guest House","Nainital","Nainital","1800","Homestay","Nature Eco","5","7500733388, 05942247710","29.3652451","79.5343708"
"osm-9229264140","Hotel Moti Tower","Nainital","Nainital","3500","Boutique Hotel","Nature Eco","2","","29.2125711","79.5279469"
"osm-9399384797","Manu Home Stay","Mat","Almora","3700","Boutique Hotel","Nature Eco","4","+919410920696","29.6467519","79.6643962"
"osm-9399425261","Manoj Home Stay","Mat","Almora","3700","Boutique Hotel","Nature Eco","3","+919719119592","29.6469913","79.6643511"
"osm-9399434539","MangalMurti Himalayan Homestay","Mat","Almora","3600","Boutique Hotel","Nature Eco","6","+919594995620","29.6474609","79.6634175"
"osm-9399437053","Kasar Mountain Light Homestay","Mat","Almora","3900","Boutique Hotel","Nature Eco","5","","29.6472016","79.663321"
"osm-9689236798","The Himalayan Cherry","Almora","Almora","3600","Boutique Hotel","Nature Eco","5","","29.4275455","79.6334839"
"osm-9772045217","Shivalinga","Uttarkashi","Uttarkashi","4000","Boutique Hotel","Char Dham","4","","30.7388895","78.4541824"
"osm-9774462017","Wayside","Rudraprayag","Rudraprayag","3400","Boutique Hotel","Char Dham","4","","30.4040962","78.8390203"
"osm-9779110817","Tathatshu Ski Resort","Chamoli","Chamoli","3700","Boutique Hotel","Char Dham","4","","30.5487026","79.5737933"
"osm-9781263397","DaaJU's Think MOUNTAIN","Bhimtal","Nainital","3300","Boutique Hotel","Nature Eco","4","+918287920971","29.345296","79.5620479"
"osm-9787109917","Divine Resort","Haridwar","Haridwar","3600","Boutique Hotel","Nature Eco","4","","30.1266376","78.3249893"
"osm-9794350617","Sanidhya Inn","Haridwar","Haridwar","3800","Boutique Hotel","Nature Eco","4","+919897508408","30.1243917","78.3139863"
"osm-9811881936","Army Rest House","Nainital","Nainital","3200","Boutique Hotel","Nature Eco","3","","29.380656","79.464073"
"osm-9835432514","Chilla Forest Rest House","Haridwar","Haridwar","2600","Homestay","Wildlife","6","","29.9722363","78.2113066"
"osm-9841476026","Gmvn swarg rohini cottages","Chamoli","Chamoli","3400","Boutique Hotel","Char Dham","3","","30.730879","79.0678374"
"osm-9841505332","Gmvn nadi complex, kedarnath base camp","Chamoli","Chamoli","1300","Backpacker Hostel","Char Dham","4","","30.723872","79.0701291"
"osm-9841506329","Gmvn","Chamoli","Chamoli","1100","Backpacker Hostel","Char Dham","6","","30.7072754","79.0662595"
"osm-9841511128","Gmvn kedar dome cottages","Chamoli","Chamoli","3600","Boutique Hotel","Char Dham","5","","30.7304459","79.0678659"
"osm-9857174261","Gmvn tourist lodge","Rudraprayag","Rudraprayag","3700","Boutique Hotel","Char Dham","3","","30.6540356","79.0271367"
"osm-9862200017","Boho","Tehri Garhwal","Tehri Garhwal","2600","Homestay","Nature Eco","4","+918806372593","30.1555874","78.3398384"
"osm-9994904156","Hotel canta","Nainital","Nainital","3400","Boutique Hotel","Nature Eco","3","","29.1874108","79.5023633"
"osm-9998788717","Mrig Valley","Tehri Garhwal","Tehri Garhwal","1900","Homestay","Nature Eco","4","","30.4254929","78.4032654"
"osm-9998788718","Hotel Aashiyana","Uttarkashi","Uttarkashi","3400","Boutique Hotel","Char Dham","5","","30.8009744","78.2260243"
"osm-9998788719","Hotel Heaven","Chamoli","Chamoli","3500","Boutique Hotel","Char Dham","6","","30.4019192","79.3310679"
"osm-10001188317","Charan Padhuka","Chamoli","Chamoli","3500","Boutique Hotel","Char Dham","4","","30.7381933","79.4954179"
"osm-10003360317","Rainbow Homestay","Bageshwar","Bageshwar","2400","Homestay","Nature Eco","4","","29.8524168","79.5967077"
"osm-10017673817","Hotel Kanha","Udham Singh Nagar","Udham Singh Nagar","3700","Boutique Hotel","Nature Eco","4","","29.204973","78.9598455"
"osm-10017873217","Staywell Cottage","Haridwar","Haridwar","1900","Homestay","Nature Eco","4","","30.127877","78.3184794"
"osm-10026443518","Dostel","Haridwar","Haridwar","2500","Homestay","Nature Eco","5","","30.1291513","78.3269281"
"osm-10114018617","Shoolin Jungle Lodge","Haridwar","Haridwar","3500","Boutique Hotel","Wildlife","4","8920834004","30.0189569","78.3366893"
"osm-10114159495","Blue Jay Hostel Rishikesh","Haridwar","Haridwar","1300","Backpacker Hostel","Adventure","2","","30.1301189","78.3250948"
"osm-10578342692","Doon Boulevard","Dehradun","Dehradun","2000","Homestay","Nature Eco","4","","30.4053408","78.0803636"
"osm-10594573945","Janardan","Nainital","Nainital","3900","Boutique Hotel","Nature Eco","2","","29.4243495","79.4273321"
"osm-10602916733","Hotel Grand Legacy Prime","Dehradun","Dehradun","3400","Boutique Hotel","Nature Eco","5","","30.3067635","78.0060517"
"osm-10602960198","FabHotel Clock View","Dehradun","Dehradun","3800","Boutique Hotel","Nature Eco","5","","30.4556252","78.0870998"
"osm-10647947211","Urban Nomads","Haridwar","Haridwar","3800","Boutique Hotel","Nature Eco","3","","30.1253029","78.3310048"
"osm-10696928856","Pilibhit House, Haridwar - IHCL SeleQtions","Haridwar","Haridwar","3800","Boutique Hotel","Nature Eco","3","+91-7217024116 , +91- 7217024117","29.9563701","78.170935"
"osm-10708680206","TRH GMVN","Pauri Garhwal","Pauri Garhwal","3400","Boutique Hotel","Nature Eco","3","","29.8408143","78.6803697"
"osm-10708680208","Tip N Top GMVN","Pauri Garhwal","Pauri Garhwal","3600","Boutique Hotel","Nature Eco","5","","29.8489479","78.6787856"
"osm-10711801692","Clarks Inn","Dehradun","Dehradun","3200","Boutique Hotel","Nature Eco","4","","30.3321024","78.0551756"
"osm-10718972174","Hotel Rahi","Haridwar","Haridwar","3400","Boutique Hotel","Nature Eco","6","01334228686","29.9443136","78.1525264"
"osm-10736822900","Monarch hotel","Dehradun","Dehradun","3400","Boutique Hotel","Nature Eco","2","","30.4596113","78.062347"
"osm-10830489210","GVMN Guest house","Rudraprayag","Rudraprayag","1800","Homestay","Char Dham","2","","30.286662","78.9787875"
"osm-10844974122","Hotel Embassy","Dehradun","Dehradun","3800","Boutique Hotel","Nature Eco","4","","30.3189768","78.0372082"
"osm-10844974123","The Trekkers Hostel","Dehradun","Dehradun","1600","Backpacker Hostel","Trekking","5","","30.3190072","78.0371564"
"osm-10844974124","FabExpress Central Plaza","Dehradun","Dehradun","4000","Boutique Hotel","Nature Eco","6","","30.3184636","78.0350195"
"osm-10844974125","Super OYO Green Comfort","Dehradun","Dehradun","3200","Boutique Hotel","Nature Eco","2","","30.3173061","78.0353492"
"osm-10873513021","Snow View","Dehradun","Dehradun","3600","Boutique Hotel","Nature Eco","3","","30.7013741","77.8727116"
"osm-10959071551","vivek hotel","bageshwar,uttarakhand","Bageshwar","3900","Boutique Hotel","Nature Eco","3","09627682777","29.8338738","79.7719389"
"osm-10968237757","Binsar KMVN Guest House","Binsar","Almora","1900","Homestay","Nature Eco","4","08650002537","29.6987881","79.7593029"
"osm-10971314045","Aastha Resort","Dava Pul","Dehradun","4000","Boutique Hotel","Nature Eco","2","+917505018299","30.7314084","77.8939246"
"osm-10973948049","Yes Boss Homestay","Uttarkashi","Uttarkashi","3200","Boutique Hotel","Char Dham","6","","31.1066132","78.3125483"
"osm-10992188951","DJSR Camp","Uttarkashi","Uttarkashi","4000","Boutique Hotel","Camping","3","","30.8029558","78.1861512"
"osm-11053349378","Tourist Rest House and Resturant (KMVN)","Nainital","Nainital","2600","Homestay","Nature Eco","5","","29.2673475","79.5444436"
"osm-11065405456","Hotel Uday Residency","Udham Singh Nagar","Udham Singh Nagar","3300","Boutique Hotel","Nature Eco","3","","28.9530286","79.4333678"
"osm-11148478772","Skyard Premium Hostel","Haridwar","Haridwar","1400","Backpacker Hostel","Adventure","4","+91 76681 76856","30.1325543","78.320365"
"osm-11148478779","Hobbit House Hostel","Haridwar","Haridwar","1200","Backpacker Hostel","Adventure","6","+91 93195 75756","30.135506","78.3170156"
"osm-11148478790","Sound House Hostel","Haridwar","Haridwar","1400","Backpacker Hostel","Adventure","2","+91 8860979123","30.1349455","78.3185394"
"osm-11148498651","Tebaar","Haridwar","Haridwar","1200","Backpacker Hostel","Adventure","3","+91 89549 15552","30.1305127","78.3223508"
"osm-11163213527","GMVN Jyotir Tourist Complex","Chamoli","Chamoli","2300","Homestay","Char Dham","4","9568006667","30.5553074","79.5622911"
"osm-11163221655","GMVN Tourist Rest House (Nargingh)","Chamoli","Chamoli","2400","Homestay","Char Dham","2","9568006668","30.5558519","79.5614829"
"osm-11163224220","GMVN Tourist Rest House","Chamoli","Chamoli","2400","Homestay","Char Dham","2","","30.7011833","79.5928678"
"osm-11169787825","HOTs - Hostel & Home Stay","Nainital","Nainital","1000","Backpacker Hostel","Adventure","2","","29.3209445","79.522998"
"osm-11169794151","The Hosteller Jeolikote","Nainital","Nainital","900","Backpacker Hostel","Adventure","3","","29.3162393","79.5195725"
"osm-11171900446","Hotel Snow View Heritage (The Old British Governour House)","Nainital","Nainital","3900","Boutique Hotel","Nature Eco","3","+91 5942-238570","29.3954205","79.4611593"
"osm-11181087451","En Route Hostel - Haldwani","Nainital","Nainital","1000","Backpacker Hostel","Adventure","3","+91 8700121427","29.2260743","79.5219417"
"osm-11233042237","Hotal Gangotri plaza","Haridwar","Haridwar","1000","Backpacker Hostel","Char Dham","4","","30.1245232","78.3311445"
"osm-11254961119","Chahat","Rudraprayag","Rudraprayag","3600","Boutique Hotel","Char Dham","6","","30.226186","78.7295155"
"osm-11283091269","हिमालयन स्प्लेंडर रिजॉर्ट","Dehradun","Dehradun","3800","Boutique Hotel","Nature Eco","6","","30.4649024","78.1687639"
"osm-11349070111","The Competent Palace","Dehradun","Dehradun","3300","Boutique Hotel","Camping","3","","30.3582909","77.848825"
"osm-11350495610","Gardenia Hotel","Haridwar","Haridwar","4000","Boutique Hotel","Nature Eco","2","","29.9510739","78.0758211"
"osm-11351305997","Hotel Rudraksh","Nainital","Nainital","4000","Boutique Hotel","Nature Eco","4","","29.2199202","79.5127931"
"osm-11355888924","Huller Hotel","Nainital","Nainital","3200","Boutique Hotel","Nature Eco","6","","29.2112795","79.4687038"
"osm-11416633749","National Nature Guide Training Institute","Pauri Garhwal","Pauri Garhwal","900","Backpacker Hostel","Adventure","6","","29.4903237","78.7630279"
"osm-11416664300","Clarissa Resort","Nainital","Nainital","3700","Boutique Hotel","Nature Eco","2","","29.4008874","79.0760879"
"osm-11416664301","Aahana Resort","Nainital","Nainital","3800","Boutique Hotel","Nature Eco","3","","29.4075391","79.0521352"
"osm-11563405969","Junegiri Home and Farmstay","Haridwar","Haridwar","2200","Homestay","Nature Eco","6","","30.0840751","78.3636026"
"osm-11691516323","Virus Bistro","Nainital","Nainital","3400","Boutique Hotel","Nature Eco","5","","29.1888988","79.5033899"
"osm-11691749245","Villa","Nainital","Nainital","3600","Boutique Hotel","Nature Eco","2","","29.2314545","79.5312382"
"osm-11718286032","AVIRAL GUEST HOUSE","Dehradun","Dehradun","2100","Homestay","Nature Eco","4","","30.3282144","78.0657366"
"osm-11718351661","SHARMA GUEST HOUSE","Dehradun","Dehradun","2200","Homestay","Nature Eco","3","","30.3283685","78.0644248"
"osm-11740798982","Hotel Aketa","DEHRADUN","DEHRADUN","3400","Boutique Hotel","Nature Eco","4","+91 7618220066","30.3486066","78.0617838"
"osm-11843025769","12 Monks Hostel","Haridwar","Haridwar","1000","Backpacker Hostel","Adventure","6","073511 23314","30.1302973","78.3204704"
"osm-11851001708","Shri Balaji hotel","Haridwar","Haridwar","3700","Boutique Hotel","Nature Eco","5","","29.9469416","78.1582554"
"osm-11851021484","Chitra Heritage","Haridwar","Haridwar","4000","Boutique Hotel","Nature Eco","6","","29.9474385","78.1578879"
"osm-11851022667","Krishna Ji","Haridwar","Haridwar","3500","Boutique Hotel","Nature Eco","4","","29.9466759","78.1589194"
"osm-11851025025","Hôtel Le Roi","Haridwar","Haridwar","3500","Boutique Hotel","Nature Eco","2","","29.9472382","78.1551588"
"osm-11851032630","Shivmurti","Haridwar","Haridwar","3500","Boutique Hotel","Nature Eco","2","","29.9470721","78.1565442"
"osm-11860330659","Parakh","Haridwar","Haridwar","3800","Boutique Hotel","Nature Eco","6","","29.9467507","78.1587682"
"osm-11860349585","Peepal Tree","Haridwar","Haridwar","3700","Boutique Hotel","Nature Eco","2","","30.1281651","78.3216046"
"osm-11860352787","Mokshda","Haridwar","Haridwar","3500","Boutique Hotel","Nature Eco","4","","30.0603387","78.2316908"
"osm-11860355200","Gautam Palace","Haridwar","Haridwar","3600","Boutique Hotel","Nature Eco","2","","30.0791011","78.2596748"
"osm-11860370639","The Fern residency","Haridwar","Haridwar","4000","Boutique Hotel","Nature Eco","6","","29.9985574","78.1898299"
"osm-11860371282","Hotel Regenta","Haridwar","Haridwar","3500","Boutique Hotel","Nature Eco","4","","30.0066767","78.1896332"
"osm-11860372029","Roxxy Royal","Haridwar","Haridwar","3500","Boutique Hotel","Nature Eco","6","","30.128467","78.3203455"
"osm-11860372030","Sara hotel","Haridwar","Haridwar","3600","Boutique Hotel","Nature Eco","2","","30.1280918","78.3215954"
"osm-11862213770","Hotel Ishan","Haridwar","Haridwar","3400","Boutique Hotel","Nature Eco","2","","30.1262931","78.328862"
"osm-11909374517","Stairway To Heaven","Dehradun","Dehradun","3400","Boutique Hotel","Nature Eco","4","6395392001","30.4125616","78.0859993"
"osm-12014498388","Vatika Banquet Hotel","Nainital","Nainital","3500","Boutique Hotel","Nature Eco","5","","29.2470493","79.5396788"
"osm-12026544562","Devoy Inn","Rishikesh","Haridwar","3300","Boutique Hotel","Nature Eco","4","","30.1317474","78.3241232"
"osm-12029430704","Zostel","Rishikesh","Haridwar","1400","Backpacker Hostel","Adventure","6","","30.1229413","78.3279113"
"osm-12029430709","Sivanta","Haridwar","Haridwar","3300","Boutique Hotel","Nature Eco","6","","30.1281747","78.3231481"
"osm-12029976701","Green Hills","Haridwar","Haridwar","4000","Boutique Hotel","Nature Eco","3","","30.1309566","78.3238293"
"osm-12029976707","Amit Homestay","Haridwar","Haridwar","3700","Boutique Hotel","Nature Eco","4","","30.1306876","78.3237658"
"osm-12029976711","Sai Stay Inn","Haridwar","Haridwar","3200","Boutique Hotel","Nature Eco","3","","30.1308009","78.3238055"
"osm-12030751388","Hotel Aradhya","Haridwar","Haridwar","3400","Boutique Hotel","Nature Eco","5","","30.11202","78.2960409"
"osm-12030751391","Hotel Bhagarati Palace","Rishikesh","Haridwar","3700","Boutique Hotel","Nature Eco","3","","30.1316826","78.3241979"
"osm-12049285941","Kuber Annex","Chamoli","Chamoli","3200","Boutique Hotel","Char Dham","3","","30.7012475","79.5937006"
"osm-12049302344","Hotel Himalayan Holidays","Chamoli","Chamoli","3700","Boutique Hotel","Char Dham","6","","30.7007443","79.5928436"
"osm-12049326860","The Neeraj Palace","Haridwar","Haridwar","3700","Boutique Hotel","Nature Eco","2","","30.0965915","78.2866975"
"osm-12049329870","Hotel Digvijay","Haridwar","Haridwar","3200","Boutique Hotel","Nature Eco","2","","30.112696","78.2945027"
"osm-12155963741","Anandmay Homestay","Haridwar","Haridwar","4000","Boutique Hotel","Nature Eco","3","+91 78959 39250; +91 81266 02325","30.1114822","78.3009812"
"osm-12253499677","The Hornbill Retreat","Champawat","Champawat","3300","Boutique Hotel","Nature Eco","4","","28.9962014","80.0724318"
"osm-12253543385","HOTEL MANSAROVAR","Champawat","Champawat","3700","Boutique Hotel","Nature Eco","2","","28.9893876","80.0676858"
"osm-12254163320","Hotel Vansh होटल वंश","Champawat","Champawat","3400","Boutique Hotel","Nature Eco","2","","28.9946056","80.0713011"
"osm-12334330110","Chitra Grand","Haridwar","Haridwar","3500","Boutique Hotel","Nature Eco","2","","29.9475146","78.1577913"
"osm-12334330111","Babua Hyness","Haridwar","Haridwar","3600","Boutique Hotel","Nature Eco","3","","29.9468453","78.1589842"
"osm-12334330119","Ganga Vibes","Haridwar","Haridwar","3500","Boutique Hotel","Nature Eco","6","","29.9499776","78.1637629"
"osm-12334330120","Signature Inn","Haridwar","Haridwar","3600","Boutique Hotel","Nature Eco","2","","29.949876","78.163634"
"osm-12334330304","Chitra Residency","Haridwar","Haridwar","4000","Boutique Hotel","Nature Eco","6","","29.9473274","78.1577613"
"osm-12334330317","Ganga Avtaran","Haridwar","Haridwar","3500","Boutique Hotel","Nature Eco","4","","29.9465553","78.1598831"
"osm-12334332001","City Deluxe","Haridwar","Haridwar","3600","Boutique Hotel","Nature Eco","3","","29.949776","78.1635145"
"osm-12337457001","Om Shivaay Inn","Haridwar","Haridwar","3800","Boutique Hotel","Nature Eco","3","","30.130358","78.3242043"
"osm-12337457013","Sangam Palace","Haridwar","Haridwar","3200","Boutique Hotel","Nature Eco","5","","30.1284485","78.323124"
"osm-12337457014","Sarai","Haridwar","Haridwar","3300","Boutique Hotel","Nature Eco","6","","30.1285944","78.3234593"
"osm-12337457020","Hotstel","Haridwar","Haridwar","1600","Backpacker Hostel","Adventure","2","","30.1304674","78.3235213"
"osm-12337457105","Holy Shivana","Haridwar","Haridwar","3400","Boutique Hotel","Nature Eco","2","","30.1288501","78.3241269"
"osm-12337457106","Ganga Ambience","Haridwar","Haridwar","3500","Boutique Hotel","Nature Eco","3","","30.1290285","78.3240559"
"osm-12337457108","Tip Top","Haridwar","Haridwar","3700","Boutique Hotel","Nature Eco","5","","30.1304538","78.3233992"
"osm-12337457307","Hari Raj HR Stays","Haridwar","Haridwar","3800","Boutique Hotel","Nature Eco","4","","30.1305749","78.3233625"
"osm-12343504404","Moon Light Camp and Resort","Haridwar","Haridwar","2100","Homestay","Camping","6","","30.1412296","78.3157103"
"osm-12343504410","Bhumi Forest Camp","Haridwar","Haridwar","3200","Boutique Hotel","Wildlife","2","","30.1408006","78.3157048"
"osm-12343507205","The Rudram Aura","Haridwar","Haridwar","3700","Boutique Hotel","Nature Eco","2","","30.1424483","78.3153196"
"osm-12343507503","Tapovan Cascades","Haridwar","Haridwar","3800","Boutique Hotel","Nature Eco","5","","30.147245","78.3148349"
"osm-12343507603","UbEx Home","Haridwar","Haridwar","3900","Boutique Hotel","Nature Eco","5","","30.1340135","78.3200457"
"osm-12343766102","m. s. Guest House","Haridwar","Haridwar","4000","Boutique Hotel","Nature Eco","4","","30.1278994","78.3219721"
"osm-12347037701","Suryodaya","Haridwar","Haridwar","4000","Boutique Hotel","Nature Eco","3","","29.9597991","78.1719472"
"osm-12538557174","Lemon Tree Resort Mussoorie","Picture Palace Road","Mussoorie","3500","Boutique Hotel","Nature Eco","6","0135 263 1241","30.4495069","78.0859103"
"osm-12592557455","SARSWATI GIRLS HOSTEL","Rudraprayag","Rudraprayag","1400","Backpacker Hostel","Char Dham","2","","30.227806","78.8062802"
"osm-12592557456","MANDAKNI GIRLS HOSTEL","Rudraprayag","Rudraprayag","1500","Backpacker Hostel","Char Dham","3","","30.2274352","78.8061858"
"osm-12592557457","GANGA GIRLS HOSTEL","Rudraprayag","Rudraprayag","1600","Backpacker Hostel","Char Dham","4","","30.2277912","78.8059112"
"osm-12592557458","NANDA DEVI GILS HOSTEL","Rudraprayag","Rudraprayag","1700","Backpacker Hostel","Char Dham","5","","30.2276503","78.8055507"
"osm-12592557459","BAGHIRATHI GIRLS HOSTEL","Rudraprayag","Rudraprayag","900","Backpacker Hostel","Char Dham","6","","30.2279172","78.8050185"
"osm-12592557460","YAMUNA GIRLS HOSTEL","Rudraprayag","Rudraprayag","1000","Backpacker Hostel","Char Dham","2","","30.228073","78.8043319"
"osm-12595974648","HILL VIEW HOTEL","Chamoli","Chamoli","3800","Boutique Hotel","Char Dham","5","","30.4115785","79.3173785"
"osm-12596010149","spot on hotel elite plaza","Udham Singh Nagar","Udham Singh Nagar","3400","Boutique Hotel","Nature Eco","6","","28.978107","79.3978627"
"osm-12596012110","A one guest house","Udham Singh Nagar","Udham Singh Nagar","1900","Homestay","Nature Eco","2","","28.9752664","79.4262677"
"osm-12596089614","hotel aroma classic","Udham Singh Nagar","Udham Singh Nagar","3800","Boutique Hotel","Nature Eco","6","","28.9789088","79.3986441"
"osm-12596192165","HOTEL RIVER VIEW","Chamoli","Chamoli","3400","Boutique Hotel","Char Dham","2","","30.4045584","79.3301155"
"osm-12596195682","Radisson Blu","Udham Singh Nagar","Udham Singh Nagar","3200","Boutique Hotel","Nature Eco","4","","29.0003678","79.399268"
"osm-12596293536","HOTEL SURYA","Chamoli","Chamoli","3800","Boutique Hotel","Char Dham","3","","30.4015063","79.3307389"
"osm-12596328044","RAGHAV LODGE","Chamoli","Chamoli","4000","Boutique Hotel","Char Dham","6","","30.402455","79.3309406"
"osm-12596331063","SATI LODGE AND RESTAURANT","Chamoli","Chamoli","3500","Boutique Hotel","Char Dham","5","","30.3479058","79.3212587"
"osm-12596331222","VASUDEV LODGE","Chamoli","Chamoli","3200","Boutique Hotel","Char Dham","4","","30.4027654","79.3308167"
"osm-12596341691","HOTEL DRONKUNJ","Chamoli","Chamoli","3400","Boutique Hotel","Char Dham","3","","30.3530954","79.3196413"
"osm-12610422964","Resort Blue Lotus","Nainital","Nainital","1900","Homestay","Nature Eco","6","","29.5635539","79.4521628"
"osm-12656816548","Hotel Nature's Lap","Mussoorie","Uttarakhand","3900","Boutique Hotel","Nature Eco","5","+91-8979489207","30.4560516","78.0578461"
"osm-12706503701","Treebo Premium Hotel Pearl Avenue","Dehradun","Dehradun","3700","Boutique Hotel","Nature Eco","3","+919322800100","30.3122144","78.076946"
"osm-12750035502","Jungle View Homestay, Sendhikhal, Uttarakhand","Pauri Garhwal","Pauri Garhwal","3500","Boutique Hotel","Wildlife","4","","29.7967967","78.6633462"
"osm-12901888526","Ananta Prana Glamping Resort Hotel in Mussoorie","Mussoorie","Dehradun","3700","Boutique Hotel","Nature Eco","3","+91 8007000085","30.467388","78.0619536"
"osm-13026788046","The Slow House Pangot","Pangot","Nainital","3200","Boutique Hotel","Nature Eco","3","+918595700621","29.4213944","79.4048409"
"osm-13142640774","Dwarkesh","Haridwar","Haridwar","3500","Boutique Hotel","Nature Eco","6","","29.9451319","78.1583166"
"osm-13147003761","Manik","Haridwar","Haridwar","2400","Homestay","Nature Eco","3","","30.1301436","78.3235479"
"osm-13147005123","Zostel","Haridwar","Haridwar","900","Backpacker Hostel","Adventure","5","","30.1300585","78.3234214"
"osm-13147021700","Chandra","Haridwar","Haridwar","4000","Boutique Hotel","Nature Eco","2","","30.1301669","78.3234945"
"osm-13148918353","Bunk hostel","Haridwar","Haridwar","1000","Backpacker Hostel","Adventure","5","","30.1302256","78.3221761"
"osm-13148920014","The little house","Haridwar","Haridwar","3800","Boutique Hotel","Nature Eco","6","","30.1316459","78.3207068"
"osm-13148920015","Akshat homestay","Haridwar","Haridwar","2500","Homestay","Nature Eco","2","","30.1333875","78.3193975"
"osm-13153010167","Marc Blue","Haridwar","Haridwar","3300","Boutique Hotel","Nature Eco","4","","30.1307455","78.3237522"
"osm-13158972644","W.inn","Haridwar","Haridwar","3700","Boutique Hotel","Nature Eco","6","","30.1297853","78.3250746"
"osm-13158994411","chakrah","Haridwar","Haridwar","3300","Boutique Hotel","Nature Eco","3","","30.1299547","78.3256156"
"osm-13164788626","Homestay","Uttarkashi","Uttarkashi","2500","Homestay","Char Dham","3","","31.1193481","78.343251"
"osm-13265043302","Stayable Homestay","Dehradun","Dehradun","2000","Homestay","Nature Eco","4","","30.3324453","78.0794463"
"osm-13266859793","Kailash Mansarovar Yatri Niwas Lipulekh","Pithoragarh","Pithoragarh","2300","Homestay","Nature Eco","5","","30.2371063","81.0232041"
"osm-13270691760","Le Roi","Dehradun","Dehradun","3800","Boutique Hotel","Nature Eco","2","","30.3147238","78.0342193"
"osm-13272391928","Hotel Swargarohini Palace","Uttarkashi","Uttarkashi","3400","Boutique Hotel","Char Dham","5","","31.0779832","78.1840787"
"osm-13272392939","MDRS","Uttarkashi","Uttarkashi","3700","Boutique Hotel","Char Dham","6","","30.8371933","78.0931138"
"osm-13272402354","Rana Homestay","Uttarkashi","Uttarkashi","2400","Homestay","Char Dham","6","","31.0782201","78.1844951"
"osm-13277390807","Shiv Inn","Haridwar","Haridwar","3400","Boutique Hotel","Nature Eco","4","+919758818400","29.9452591","78.1585645"
"osm-13283334111","Yash Homestay","Uttarkashi","Uttarkashi","2100","Homestay","Char Dham","3","","31.1179106","78.3416337"
"osm-13283353067","Snow Valley","Uttarkashi","Uttarkashi","3700","Boutique Hotel","Char Dham","4","","31.0739","78.1884343"
"osm-13283365005","Sankri Base Camp","Uttarkashi","Uttarkashi","3200","Boutique Hotel","Camping","2","","31.0744309","78.1867686"
"osm-13283367124","The garage food","Uttarkashi","Uttarkashi","3600","Boutique Hotel","Char Dham","6","","31.0734401","78.1892723"
"osm-13285112801","The grand heritage inn","Haridwar","Haridwar","3700","Boutique Hotel","Nature Eco","3","","30.1779017","78.2300662"
"osm-13285491981","Hotel Shiv Villas","Haridwar","Haridwar","3800","Boutique Hotel","Nature Eco","3","","30.1294819","78.3240141"
"osm-13287190157","Suvidha","Haridwar","Haridwar","4000","Boutique Hotel","Nature Eco","4","","29.947044","78.1589125"
"osm-13324014401","Hotel Ananya Regency - Gateway to Corbett","Udham Singh Nagar","Udham Singh Nagar","3700","Boutique Hotel","Wildlife","3","09568800044","29.2268629","78.9727046"
"osm-13359132902","Leela Hatha","Haridwar","Haridwar","1100","Backpacker Hostel","Adventure","4","","30.1307877","78.3205786"
"osm-13377489912","Hari Ganga Niwas, Haridwar - IHCL SeleQtions","Haridwar","Uttarakhand","3200","Boutique Hotel","Nature Eco","4","+91 13343 62800","29.9520249","78.1659891"
"osm-13412884801","Lekhak Gaon","Dehradun","Dehradun","3600","Boutique Hotel","Nature Eco","3","","30.242349","78.2140013"
"osm-13414174632","Noble Nook Stay Bhimtal","Bhimtal","Nainital","1800","Homestay","Nature Eco","4","+91-9259820611","29.3405681","79.5782969"
"osm-13479086201","Guest House Savitri Bhawan","Haridwar","Haridwar","2300","Homestay","Nature Eco","3","+917906755155","30.1204114","78.3201981"
"osm-13479091901","Guest House Savitri Bhawan","Haridwar","Haridwar","2600","Homestay","Nature Eco","3","+917906755155","30.1204222","78.3201998"
"osm-13520091277","Six Senses Vana","Dehradun","Dehradun","3300","Boutique Hotel","Nature Eco","4","","30.3735754","78.0764832"
"osm-13637059305","Joey's by the Ganges","Haridwar","Haridwar","1500","Backpacker Hostel","Adventure","2","","30.1234921","78.328654"
"osm-13669867001","Blue Stayz Hostel","Haridwar","Haridwar","1100","Backpacker Hostel","Adventure","3","","30.1290576","78.3231014"
"osm-13673511901","Urban Loft Hostel","Haridwar","Haridwar","1000","Backpacker Hostel","Adventure","3","","30.1329536","78.3234953"
"osm-13744382201","The Pearl Satkhol","Almora","Almora","4000","Boutique Hotel","Nature Eco","3","+919258499481","29.5022173","79.6215985"
"osm-13778768101","S.C Bose Hostel","Dehradun","Dehradun","1300","Backpacker Hostel","Adventure","3","","30.271354","77.997428"
"osm-13789691762","HOTEL DAIWARCH","UTTARKASHI","UTTARKASHI","3700","Boutique Hotel","Nature Eco","4","8982728424","30.7362652","78.3999995"
"osm-13813389911","Fursat - Exclusive Solitude","Nainital","Nainital","3400","Boutique Hotel","Nature Eco","3","","29.403548","79.6311882"
"osm-13830352701","Sparrow Nest Corbett homestay","Nainital","Nainital","2400","Homestay","Wildlife","3","+91 97586 13308","29.4150931","79.1491184"
"osm-13939625501","Uday Palace","Chamoli","Chamoli","4000","Boutique Hotel","Char Dham","3","","30.5564626","79.564813"
"osm-13953477402","La Savanna Resort & SPA by DL Hotels & Resorts","Nainital","Nainital","3200","Boutique Hotel","Nature Eco","4","","29.458807","79.1453142"
"osm-13953477403","Shivalik Hills","Dehradun","Dehradun","3300","Boutique Hotel","Nature Eco","5","","30.4479211","78.0887636"
"osm-13953477901","Hotel Uday Palace","Chamoli","Chamoli","3600","Boutique Hotel","Char Dham","3","","30.4409381","79.4296054"
"osm-13953478101","Golden Oak by The Lake Hill","Nainital","Nainital","3800","Boutique Hotel","Nature Eco","3","","29.3710966","79.4299498"
"osm-13971526251","Hotel Sunrise","Dehradun","Dehradun","3800","Boutique Hotel","Nature Eco","3","","30.3481381","78.0620822"
"osm-210723359","Patwal Tourist Lodge","Bageshwar","Bageshwar","2300","Homestay","Nature Eco","6","","30.1303534","79.6189965"
"osm-226734199","Bhopal Bhavan","Chamoli","Chamoli","3900","Boutique Hotel","Char Dham","6","","30.7327072","79.0670563"
"osm-226734224","Indore House","Chamoli","Chamoli","3700","Boutique Hotel","Char Dham","6","","30.7338346","79.0665897"
"osm-226734231","Patiyala Punjab Guest House","Chamoli","Chamoli","3500","Boutique Hotel","Char Dham","3","","30.7343423","79.0670856"
"osm-226734242","Punjab & Sindh Niwas","Chamoli","Chamoli","3700","Boutique Hotel","Char Dham","4","","30.734251","79.0673464"
"osm-226737466","Hotel Bikaner","Chamoli","Chamoli","3900","Boutique Hotel","Char Dham","3","","30.735215","79.0674275"
"osm-226737482","Marwar House","Chamoli","Chamoli","3700","Boutique Hotel","Char Dham","4","","30.734862","79.0675561"
"osm-226737483","Bharat Sevashram Sangh Kedarnath","Chamoli","Chamoli","3800","Boutique Hotel","Char Dham","5","","30.7366677","79.0669403"
"osm-226737485","SSS Residency","Chamoli","Chamoli","4000","Boutique Hotel","Char Dham","2","","30.7346966","79.0671253"
"osm-226737495","Agrabhavan","Chamoli","Chamoli","3200","Boutique Hotel","Char Dham","2","","30.7349698","79.0671751"
"osm-226737525","New Himachal House","Chamoli","Chamoli","3500","Boutique Hotel","Char Dham","2","","30.7344301","79.0663512"
"osm-226738241","New Agrabhavan","Chamoli","Chamoli","4000","Boutique Hotel","Char Dham","3","","30.734889","79.0661017"
"osm-226738277","Rajasthan Sewa Sadan","Chamoli","Chamoli","4000","Boutique Hotel","Char Dham","4","","30.7348023","79.0659215"
"osm-227070398","Paramarth Ashram","Chamoli","Chamoli","1100","Backpacker Hostel","Char Dham","5","","30.7456879","79.4945983"
"osm-227301693","Hotel Lakshya","Haridwar","Haridwar","3800","Boutique Hotel","Nature Eco","5","","29.9243365","78.1297977"
"osm-232451924","PWD Dhakuri","Bageshwar","Bageshwar","2300","Homestay","Nature Eco","6","","30.0769152","79.9186418"
"osm-245313645","New GuestHouse","Dehradun","Dehradun","2400","Homestay","Nature Eco","2","","30.2853267","77.9745138"
"osm-250913663","Neeraj Bhavan Hotel","Haridwar","Haridwar","4000","Boutique Hotel","Nature Eco","5","","30.1078043","78.2923893"
"osm-277424378","Bunk Stay Hotel","Haridwar","Haridwar","4000","Boutique Hotel","Nature Eco","5","","30.1260422","78.3320077"
"osm-299562126","Forest Rest House","Uttarkashi","Uttarkashi","2400","Homestay","Wildlife","3","","31.0787438","78.2456098"
"osm-299564859","GMVN Guest House, Sankri","Uttarkashi","Uttarkashi","2100","Homestay","Char Dham","6","","31.0774743","78.1843976"
"osm-324282420","KMVN","Bageshwar","Bageshwar","3200","Boutique Hotel","Nature Eco","2","","29.8378892","80.0319673"
"osm-331779423","Hotel Madhuban","Dehradun","Dehradun","3500","Boutique Hotel","Nature Eco","5","","30.3402224","78.0596626"
"osm-340414932","Tourist Rest House, Chilliyanaula","Almora","Almora","3500","Boutique Hotel","Nature Eco","4","","29.6626901","79.4124334"
"osm-342740709","E-Block, Godavari Hostel","Dehradun","Dehradun","900","Backpacker Hostel","Adventure","6","","30.3405896","78.0456772"
"osm-378683095","Natraj Yog Peeth","Haridwar","Haridwar","2200","Homestay","Nature Eco","2","7895168929","30.1199956","78.3221516"
"osm-399111993","Hare Rama","Haridwar","Haridwar","3200","Boutique Hotel","Nature Eco","5","","30.1258187","78.3319764"
"osm-399114854","Adi Badri Guesthouse","Haridwar","Haridwar","4000","Boutique Hotel","Char Dham","6","","30.1278891","78.3317274"
"osm-408030669","Hotel Divya","Haridwar","Haridwar","3200","Boutique Hotel","Nature Eco","6","","30.1245937","78.331259"
"osm-408030671","Dharm Yatri Nivas","Haridwar","Haridwar","3400","Boutique Hotel","Nature Eco","3","","30.1246546","78.3307483"
"osm-408251231","Rajendra Bhawan","Roorkee","Haridwar","1700","Backpacker Hostel","Adventure","3","","29.87101","77.8940761"
"osm-429807249","KMVN Jatuli","Bageshwar","Bageshwar","1800","Homestay","Nature Eco","6","","30.1424288","79.9224267"
"osm-484334531","Lodge","Chamoli","Chamoli","2600","Homestay","Char Dham","3","","30.2531949","79.2192291"
"osm-484352054","Birla Dhramshala","Uttarkashi","Uttarkashi","1700","Backpacker Hostel","Char Dham","6","","30.7295733","78.4375481"
"osm-508579960","GMVN Tourist Rest House","Uttarkashi","Uttarkashi","2200","Homestay","Char Dham","2","","30.7307428","78.445651"
"osm-508901446","GMVN","Chamoli","Chamoli","1900","Homestay","Char Dham","3","","30.9508842","79.051843"
"osm-509727930","Hotel Bhagirathi Darshan","Tehri Garhwal","Tehri Garhwal","3800","Boutique Hotel","Nature Eco","2","","30.3837207","78.4421909"
"osm-531081107","Hyphen Grand","Haridwar","Haridwar","4000","Boutique Hotel","Nature Eco","4","","29.947878","78.0755386"
"osm-531081108","Radisson Blu Haridwar","Haridwar","Sidcul","3200","Boutique Hotel","Nature Eco","5","","29.9468988","78.075642"
"osm-532545788","Gajraj Trails Resort","Nainital","Nainital","3400","Boutique Hotel","Nature Eco","5","","29.4110776","79.0064771"
"osm-532551414","V Resorts","Nainital","Nainital","3500","Boutique Hotel","Nature Eco","6","","29.3410452","79.5320439"
"osm-623043861","Ananda in the Himalayas","Haridwar","Haridwar","3800","Boutique Hotel","Nature Eco","3","","30.1578495","78.2904391"
"osm-654639892","Madmaheshwar Dharamshala","Chamoli","Chamoli","3900","Boutique Hotel","Char Dham","4","","30.6351269","79.2217411"
"osm-685046932","The Himalayan Bungalow","Almora, Uttarakhand","Almora","3300","Mountain Chalet","Adventure","4","","29.5979832","79.6290994"
"osm-781622421","Guest House","Dehradun","Dehradun","1500","Backpacker Hostel","Adventure","3","","30.2841941","77.9753793"
"osm-873879846","girls hostel","Udham Singh Nagar","Udham Singh Nagar","1500","Backpacker Hostel","Adventure","3","","29.1501983","79.1539576"
"osm-880252368","The Urmi","Haridwar","Haridwar","3800","Boutique Hotel","Nature Eco","5","","29.9886914","78.1888762"
"osm-891271442","Hotel Blue Saphire Countryside","Nainital","Nainital","3400","Boutique Hotel","Nature Eco","4","+915946235201","29.1987017","79.5128159"
"osm-900794366","Alankar Home Stay & Resturant","Almora","Almora","4000","Boutique Hotel","Nature Eco","3","","29.4686033","79.648868"
"osm-944828471","Hotel Madhuganga","Chamoli","Chamoli","3400","Boutique Hotel","Char Dham","3","9068688875","30.5089872","79.0942379"
"osm-1033157934","Alaknanda Girls Hostel","Dehradun","Dehradun","900","Backpacker Hostel","Adventure","6","","30.2662213","78.0442245"
"osm-1033157935","Girls Hostel","Dehradun","Dehradun","1000","Backpacker Hostel","Adventure","2","","30.2656516","78.0444067"
"osm-1033157936","New Girls Hostel","Dehradun","Dehradun","1100","Backpacker Hostel","Adventure","3","","30.2650914","78.0444236"
"osm-1055274096","Hotel Anand Lok Bar And Resturant","Nainital","Nainital","3500","Boutique Hotel","Nature Eco","3","","29.1979629","79.5051077"
"osm-1056565281","Hotel Chitrarth and Party Lawn","Nainital","Nainital","3500","Boutique Hotel","Nature Eco","3","08006715505","29.2063434","79.5149882"
"osm-1056565445","The Ranch House Homestay And Trails","Nainital","Nainital","3700","Boutique Hotel","Nature Eco","2","","29.1990422","79.5122663"
"osm-1060188344","Central Government Touring Officers Guest House","Dehradun","Dehradun","2600","Homestay","Nature Eco","6","","30.457192","78.0853781"
"osm-1060188356","Survey of India Guest House","Dehradun","Dehradun","2000","Homestay","Nature Eco","3","","30.457432","78.0866763"
"osm-1065793532","Central Government Touring Officers Guest House","Dehradun","Dehradun","2300","Homestay","Nature Eco","4","","30.323211","78.0430521"
"osm-1066649876","Nature""s treat hotel","Bageshwar","Bageshwar","4000","Boutique Hotel","Nature Eco","3","","30.0049456","79.5699107"
"osm-1066877488","hotel trishuli","Bageshwar","Bageshwar","3300","Boutique Hotel","Nature Eco","5","","30.0042118","79.5693827"
"osm-1070560420","Central Government Touring Officers Guest House","Dehradun","Dehradun","2500","Homestay","Nature Eco","2","","30.4576033","78.0674676"
"osm-1091240075","Hotel Sai Leela","Nainital","Nainital","3400","Boutique Hotel","Nature Eco","2","","29.1886501","79.5029391"
"osm-1120991324","A Block","Dehradun","Dehradun","1400","Backpacker Hostel","Adventure","6","","30.2710265","78.0017045"
"osm-1120991325","C Block","Dehradun","Dehradun","1500","Backpacker Hostel","Adventure","2","","30.2708003","78.0019298"
"osm-1120991326","B Block","Dehradun","Dehradun","1600","Backpacker Hostel","Adventure","3","","30.2711631","78.002117"
"osm-1120991327","D Block","Dehradun","Dehradun","1700","Backpacker Hostel","Adventure","4","","30.2708587","78.0025694"
"osm-1120991328","G Block","Dehradun","Dehradun","900","Backpacker Hostel","Adventure","5","","30.270522","78.0022994"
"osm-1148159649","DRONAGIRI GUEST HOUSE","Chamoli","Chamoli","2100","Homestay","Char Dham","6","","30.5964197","79.868308"
"osm-1150072690","Triveni Guest House","Haridwar","Haridwar","2200","Homestay","Nature Eco","2","","30.1108187","78.2847436"
"osm-1154701679","JW Marriott Mussoorie Walnut Grove Resort & Spa","Dehradun","Dehradun","3700","Boutique Hotel","Nature Eco","6","01352635700","30.4814673","78.0467331"
"osm-1163048662","Rudra Continental Hotel","Udham Singh Nagar","Udham Singh Nagar","3300","Boutique Hotel","Nature Eco","4","","28.9754273","79.3891699"
"osm-1179903556","Hotell deep palace","Bageshwar, Uttarakhand","Bageshwar","3300","Boutique Hotel","Nature Eco","3","07830154529","29.8303827","79.7694618"
"osm-1179903790","Hotel Ashish","Bageshwar, Uttarakhand","Bageshwar","3300","Boutique Hotel","Nature Eco","2","05963220103","29.8303155","79.7696371"
"osm-1179903965","Hotel Ambika Palace","Bageshwar, Uttarakhand","Bageshwar","3700","Boutique Hotel","Nature Eco","2","01246201531","29.830506","79.7702043"
"osm-1188876812","Hotel Raj Palace","Nainital","Nainital","3700","Boutique Hotel","Nature Eco","4","","29.2008372","79.5154744"
"osm-1188894169","Hotel Jasmine Grand","Nainital","Nainital","3300","Boutique Hotel","Nature Eco","6","","29.184863","79.5216044"
"osm-1188922840","Devashish Hotel","Nainital","Nainital","3900","Boutique Hotel","Nature Eco","2","","29.2369632","79.5323674"
"osm-1188922842","Candy Hotel","Nainital","Nainital","3200","Boutique Hotel","Nature Eco","4","","29.2351165","79.5327788"
"osm-1190521215","Sheetal Hotel","Nainital","Nainital","3200","Boutique Hotel","Nature Eco","2","09568013130","29.1746668","79.4938638"
"osm-1190992671","Hotel Kunal","Udham Singh Nagar","Udham Singh Nagar","3200","Boutique Hotel","Nature Eco","3","","29.0710715","79.5165037"
"osm-1191384690","Shri Dudhiya Baba Girls Hostel","Udham Singh Nagar","Udham Singh Nagar","1500","Backpacker Hostel","Adventure","2","","28.9675791","79.4056413"
"osm-1192358231","Vanvasi Kanya Chhatravas","Udham Singh Nagar","Udham Singh Nagar","1700","Backpacker Hostel","Adventure","3","","28.9852363","79.4058502"
"osm-1223255442","Hotel SHiva Palace","Udham Singh Nagar","Udham Singh Nagar","3500","Boutique Hotel","Nature Eco","4","","29.1307482","79.5201156"
"osm-1223742925","Hotel OK","Nainital","Nainital","3300","Boutique Hotel","Nature Eco","2","","29.2154637","79.5288638"
"osm-1223808602","Hotel Crystal Grand","Nainital","Nainital","3700","Boutique Hotel","Nature Eco","4","","29.2176502","79.5186114"
"osm-1242229728","RLB Girl's Hostel","Nainital","Nainital","1200","Backpacker Hostel","Adventure","5","","29.3815612","79.4594553"
"osm-1242229731","KP-A","Nainital","Nainital","1500","Backpacker Hostel","Adventure","3","","29.3840383","79.4593505"
"osm-1242229732","KP-B","Nainital","Nainital","1600","Backpacker Hostel","Adventure","4","","29.3837622","79.4595667"
"osm-1242229733","WR","Nainital","Nainital","1700","Backpacker Hostel","Adventure","5","","29.3836449","79.4596428"
"osm-1242229734","GD","Nainital","Nainital","900","Backpacker Hostel","Adventure","6","","29.3834505","79.4597697"
"osm-1242229735","GH","Nainital","Nainital","1000","Backpacker Hostel","Adventure","2","","29.3834179","79.4600629"
"osm-1242231568","SBS","Nainital","Nainital","1600","Backpacker Hostel","Adventure","5","","29.3825922","79.4566928"
"osm-1242231570","CSA","Nainital","Nainital","900","Backpacker Hostel","Adventure","2","","29.3830574","79.4568145"
"osm-1242231571","WR","Nainital","Nainital","1000","Backpacker Hostel","Adventure","3","","29.3832092","79.4565711"
"osm-1242231572","KCP","Nainital","Nainital","1100","Backpacker Hostel","Adventure","4","","29.3838008","79.4567968"
"osm-1298167351","Divine Lakshmi Ganga","Haridwar","Haridwar","3900","Boutique Hotel","Nature Eco","3","","30.1286038","78.32306"
"osm-1298513281","Arth Hotels","Almora","Almora","3600","Boutique Hotel","Nature Eco","3","","29.4764389","79.6224438"
"osm-1339812789","Purohit Camps","Chamoli","Chamoli","3800","Boutique Hotel","Camping","6","","30.7356245","79.0677921"
"osm-1340253028","Alwar Bhandara","Chamoli","Chamoli","3300","Boutique Hotel","Char Dham","5","","30.7350747","79.0684283"
"osm-1340253029","Meerut Mandal And Mewar Sadan","Chamoli","Chamoli","3400","Boutique Hotel","Char Dham","6","","30.7334822","79.0665113"
"osm-1360648970","GARHWAL RESTAURANT","Chamoli","Chamoli","4000","Boutique Hotel","Char Dham","2","","30.409823","79.3172047"
"osm-1360649599","ALKA LODGE","Chamoli","Chamoli","3300","Mountain Chalet","Char Dham","6","","30.4095351","79.3171971"
"osm-1360701966","SHREE CHINTAMANI HOMESTAY","Chamoli","Chamoli","3500","Boutique Hotel","Char Dham","3","","30.3804893","79.3209408"
"osm-1360702702","HOTEL BASANT","Chamoli","Chamoli","3300","Boutique Hotel","Char Dham","4","","30.3679806","79.3119751"
"osm-1360702761","HOTEL VASUDHARA","Chamoli","Chamoli","3800","Boutique Hotel","Char Dham","3","","30.3652137","79.3132006"
"osm-1414702603","Kipling Trail Cottage","Dehradun","Dehradun","2700","Mountain Chalet","Adventure","5","","30.4194104","78.1016901"
"osm-1437088815","IRDE Guest House","Dehradun","Dehradun","1800","Homestay","Nature Eco","2","","30.3185326","78.0830636"
"osm-1455386663","Taj Rishikesh","Tehri Garhwal","Tehri Garhwal","1100","Backpacker Hostel","Adventure","5","","30.0571968","78.4814975"
"osm-1457118592","Faraway Cottages, Auli","Chamoli","Chamoli","3900","Boutique Hotel","Char Dham","4","","30.5374503","79.5782623"
"osm-1497402655","Eminence The Corbett","Nainital","Nainital","3900","Boutique Hotel","Wildlife","2","","29.4104197","79.0036616"
"osm-1530514540","Cottage 4 - Red cresented pochard","Dehradun","Dehradun","2700","Mountain Chalet","Adventure","2","","30.4386499","77.6688133"
"osm-1531708214","Cottage 3 - Shoveller","Dehradun","Dehradun","3100","Mountain Chalet","Adventure","6","","30.4386941","77.6688164"
"osm-1531708215","Cottage 2 -  mallard","Dehradun","Dehradun","3200","Mountain Chalet","Adventure","2","","30.4387543","77.6688225"
"osm-1531708216","Cottage 1- Ruddy Shellduck","Dehradun","Dehradun","3300","Mountain Chalet","Adventure","3","","30.4388006","77.6688262"